INSERT INTO Ginasio.Cliente (CC, Fname, Lname, Email, Telemovel, NIF, Morada, Data_Nasc) 
VALUES (123456789, 'Ana', 'Silva', 'ana.silva@example.com', 912345678, 205896325, 'Rua das Flores, 1', '1990-01-01'),
       (987654321, 'Pedro', 'Santos', 'pedro.santos@example.com', 931234567, 200142589, 'Rua do Sol, 2', '1985-06-20'),
       (456789123, 'Marta', 'Ferreira', 'marta.ferreira@example.com', 931234568, NULL, 'Avenida da Liberdade, 3', '1995-09-14'),
       (789123456, 'Tiago', 'Oliveira', 'tiago.oliveira@example.com', 912345679, 189858585, 'Rua da Praia, 4', '1982-03-10'),
       (654321987, 'Sofia', 'Gonçalves', NULL, 931234569, 188745214, 'Rua da Montanha, 5', '1998-12-31'),
       (321987654, 'Rui', 'Sousa', 'rui.sousa@example.com', 912345670, NULL, 'Travessa das Oliveiras, 6', '1988-08-08'),
       (234567891, 'Carla', 'Rodrigues', 'carla.rodrigues@example.com', 931234570, 189658236, 'Rua dos Pinheiros, 7', '1993-05-15'),
       (678912345, 'Diogo', 'Pereira', 'diogo.pereira@example.com', 912345671, 253478963, 'Rua da Lagoa, 8', '1980-11-22'),
       (345678912, 'Ana', 'Fernandes', 'ana.fernandes@example.com', 931234571, 251458758, 'Avenida das Oliveiras, 9', '1991-08-03'),
       (890123456, 'Miguel', 'Costa', 'miguel.costa@example.com', 912345672, 255569856, 'Rua dos Cedros, 10', '1996-02-17'),
       (234567890, 'Paulo', 'Luís', 'paulo.luis@example.com', 912345673, 205896329, 'Rua das Flor, 2', '1991-01-01'),
       (345678901, 'João', 'Carlos', NULL, 931234563, NULL, NULL, NULL),
       (456789012, 'Mónica', 'Alho', 'monica.alho@example.com', 931234553, NULL, NULL, '1996-09-14'),
       (567890123, 'Tomás', 'Matos', 'tomas.matos@example.com', 912345643, 189858589, 'Rua das Praias, 4', '1983-03-10'),
       (678901234, 'Sónia', 'Manuela', NULL, 931234543, 188745219, 'Rua do Pico, 1', '1997-12-31'),
       (789012345, 'Rubén', 'Garruço', 'ruben.garruco@example.com', 912345639, NULL, 'Travessa das Cardadeiras, 4', NULL),
       (890123459, 'Carlos', 'Cunha', 'carlos.cunha@example.com', 931234573, 189658239, NULL, '1995-05-15'),
       (901234567, 'Diana', 'Simões', 'diana.simoes@example.com', 912345623, 253478969, 'Rua das Alagoas, 8', '1981-11-22'),
       (876543210, 'André', 'Marques', 'andre.marques@example.com', 931234523, 251458759, NULL, NULL),
       (765432109, 'Micael', 'Ferreira', NULL, 912345613, 255569859, 'Rua dos Cedros, 8', NULL),
       (223456789, 'Paula', 'Rodrigues', 'Paula.rodrigues@example.com', 922345678, 225896325, 'Rua do Girassol, 1', '1980-01-01'),
       (287654321, 'Pedro', 'Nuno', 'pedro.nuno@example.com', 921234567, 220142589, 'Rua do Sol, 7', '1988-06-20'),
       (256789123, 'Marta', 'Inácio', 'marta.inacio@example.com', 921234568, 221142589, 'Avenida Europa, 2', '1998-09-14'),
       (289123456, 'Tobias', 'Oliveira', 'tobias.oliveira@example.com', 922345679, 229858585, 'Rua Principal, 1', '1988-03-10'),
       (254321987, 'João', 'Gonçalves', 'joao.goncalves', 921234569, 228745214, 'Rua do Cume, 5', '1988-12-31'),
       (221987654, 'Ricardo', 'Sousa', 'ricardo.sousa@example.com', 922345670, 222142589, 'Montado das Oliveiras, 6', '1988-08-01'),
       (224567891, 'Carla', 'Tavares', 'carla.tavares@example.com', 921234570, 229658236, 'Rua dos Pinheiros, 2', '1983-05-15'),
       (278912345, 'Diogo', 'Luís', 'diogo.luis@example.com', 922345671, 223478963, 'Rua da Lagoa, 4', '1988-11-22'),
       (245678912, 'Matilde', 'Costa', 'matilde.costa@example.com', 921234571, 221458758, 'Travessa das Oliveiras, 9', '1994-08-03'),
       (290123456, 'Mara', 'Costa', 'mara.costa@example.com', 922345672, 225569856, 'Rua dos Pergutinhos', '1996-05-17'),
       (133456789, 'Ana', 'Lopes', 'ana.lopes@example.com', 932345678, 235896325, 'Rua Costa, 3', NULL),
       (937654321, 'Pedro', 'Xavier', 'pedro.xavier@example.com', 933234567, 230142589, NULL, '2000-06-20'),
       (436789123, 'Marta', 'Félix', 'marta.félix@example.com', 933234568, NULL, 'Avenida Europa, 233', '2000-09-14'),
       (739123456, 'Tiago', 'Figueiredo', 'tiago.figueiredo@example.com', 932345679, NULL, 'Rua Principal, 2', NULL),
       (634321987, 'Ema', 'Gonçalves', NULL, 933234569, 138745214, 'Rua do Sopé, 1', '2000-12-31'),
       (331987654, 'Rubén', 'Silva', NULL, 932345670, NULL, 'Travessa das Oliveiras, 16', '2000-08-08'),
       (233567891, 'Carlota', 'Rodrigues', 'carlota.rodrigues@example.com', 933234570, NULL, 'Vale da Cerejeira, 46', '2000-05-15'),
       (638912345, 'Diogo', 'Oliveira', 'diogo.oliveira@example.com', 932345671, NULL, NULL, '2001-11-22'),
       (335678912, 'Beatriz', 'Fernandes', 'beatriz.fernandes@example.com', 933234571, 231458758, NULL, '2001-08-03'),
       (830123456, 'Miguel', 'Cunha', 'miguel.cunha@example.com', 932345672, 235569856, 'Vale da Cerejeira, 18', NULL),
       (143456789, 'Leonor', 'Carvalho', NULL, 942345678, 245896325, 'Rua Claro,33', '1999-01-01'),
       (947654321, 'Luana', 'Santos', NULL, 941234567, 240142589, 'Rua Luz, 44', '1999-06-20'),
       (446789123, 'Maria', 'Pereira', 'marta.ferreira@example.com', 941234568, NULL, 'Avenida Peixe, 2', '1999-09-14'),
       (749123456, 'Tiago', 'Xipelo', 'tiago.xipelo@example.com', 942345679, NULL, NULL, NULL),
       (644321987, 'Sofia', 'Canas', NULL, 941234569, 188745214, NULL, '1999-12-31'),
       (341987654, 'Rafael', 'Rolo', 'rafael.rolo@example.com', 942345670, NULL, 'Travessa das Oliveiras, 4', '1989-08-08'),
       (244567891, 'Tomás', 'Rodrigues', 'tomas.rodrigues@example.com', 941234570, 249658236, NULL, '1993-05-15'),
       (648912345, 'Martim', 'Costa', 'martim.costa@example.com', 942345671, 243478963, NULL, '2003-11-22'),
       (344678912, 'Francisco', 'Costa', 'francisco.costa@example.com', 941234571, 241458758, 'Rua Couto, 5', '2003-11-22'),
       (840123456, 'João', 'Costa', 'joao.costa@example.com', 942345672, NULL, 'Rua Couto, 5', '2003-11-22');

INSERT INTO Ginasio.Staff (CC, Fname, Lname, Email, Telemovel, NIF, Morada, Data_Nasc, Salario, Num_func, Data_Contr, Horario_Lab)
VALUES (111222333, 'Maria', 'Santos', 'maria.santos@example.com', 912345678, 123456789, 'Rua das Flores, 1', '1990-01-01', 2500, 1001, '2022-01-15', '09:00:00'),
       (444555666, 'João', 'Silva', 'joao.silva@example.com', 931234567, 987654321, 'Rua do Sol, 10', '1985-06-20', 3500, 1002, '2018-01-01', '08:30:00'),
       (777888999, 'Andreia', 'Fernandes', 'andreia.fernandes@example.com', 928234568, 456789123, 'Avenida da Liberdade, 3', '1995-09-14', 2200, 1003, '2023-02-05', '10:00:00'),
       (999888777, 'Ricardo', 'Pereira', 'ricardo.pereira@example.com', 912345679, 789123456, 'Rua da Praia, 4', '1982-03-10', 3000, 1004, '2020-07-20', '08:00:00'),
       (222333444, 'Ana', 'Oliveira', NULL, 931234569, 654321987, 'Rua da Montanha, 5', '1998-12-31', 2600, 1005, '2022-03-25', '09:30:00'),
       (555444333, 'Pedro', 'Sousa', 'pedro.sousa@example.com', 912345670, 321987654, 'Travessa das Oliveiras, 6', '1990-08-08', 2400, 1006, '2023-04-05', NULL),
       (555444444, 'Paulo', 'Gomes', 'paulo.gomes@example.com', 913555456, 987543212, 'Rua dos Carvalhos, 6', '1977-05-10', 1800, 1007, '2019-05-01', '08:00:00'),
       (555444445, 'José', 'Oliveira', 'jose.oliveira@example.com', 927555789, 987645323, 'Rua Brasil, 4', '2000-10-10', 1000, 1008, '2021-03-15','08:00:00'),
       (555444446, 'Filipe', 'Almeida', 'filipe.almeida@example.com', 927555780, 986754323, 'Rua Principal, 6', '1999-10-05', 1000, 1009, '2021-03-15', '08:00:00'),
       (555444447, 'Gabriel', 'Abreu', 'gabriel.abreu@example.com', 927555719, 978654323, 'Rua do Sol, 11', '1980-05-10', 2500, 1010, '2018-01-01','08:00:00'),
       (444555660, 'Mário', 'Silva', 'mario.silva@example.com', 931234568, 987654322, 'Rua de África, 1', '1993-04-20', 3500, 1011, '2018-01-01', '08:00:00'),
       (444555661, 'Madalena', 'Caetano', 'madalena.caetano@example.com', 931234560, 987654323, 'Rua do Sol, 10', '1983-05-13', 3000, 1012, '2018-01-01', '09:00:00'),
       (444555662, 'Isa', 'Rodrigues', 'isa.rodrigues@example.com', 931234561, 987654324, 'Rua de África, 4', '1989-06-14', 2000, 1013, '2019-02-01', '08:00:00'),
       (444555663, 'Diana', 'Ferreira', 'diana.ferreira@example.com', 931234562, 987654325, 'Rua de África, 7', '1992-07-15', 2800, 1014, '2018-06-01', NULL),
       (444555664, 'Alexandra', 'Pimentel', 'alexandra.pimentel@example.com', 931234563, 987654326, 'Quinta do Monte, 7', '1993-08-16', 3000, 1015, '2018-01-01', NULL),
       (444555665, 'Fernando', 'Couto', 'fernando.couto@example.com', 931234769, 987654327, 'Rua da Azeitona, 4', '1995-09-17', 2000, 1016, '2019-06-05', '05:30:00'),
       (444555666, 'Alexandre', 'Rei', 'alexandre.rei@example.com', 931234558, 987654328, 'Rua Principal, 7', '1998-10-18', 1950, 1017, '2020-07-07', '06:30:00'),
       (444555667, 'Rodrigo', 'Guedes', 'rodrigo.guedes@example.com', 931244568, 987654329, 'Rua do Pinheiro Grande, 5', '1999-11-19', 1800, 1018, '2021-10-15', '07:00:00');

INSERT INTO Ginasio.Gerente (Num_func)
VALUES (1002),
      (1011);

UPDATE Ginasio.Staff
SET Gerente_Num = 1002
WHERE  CC = 111222333;

UPDATE Ginasio.Staff
SET Gerente_Num = 1002
WHERE  CC = 444555666;

UPDATE Ginasio.Staff
SET Gerente_Num = 1002
WHERE  CC = 777888999;

UPDATE Ginasio.Staff
SET Gerente_Num = 1002
WHERE  CC = 999888777;

UPDATE Ginasio.Staff
SET Gerente_Num = 1011
WHERE  CC = 222333444;

UPDATE Ginasio.Staff
SET Gerente_Num = 1002
WHERE  CC = 555444333;

UPDATE Ginasio.Staff
SET Gerente_Num = 1002
WHERE  CC = 555444444;

UPDATE Ginasio.Staff
SET Gerente_Num = 1002
WHERE  CC = 555444445;

UPDATE Ginasio.Staff
SET Gerente_Num = 1002
WHERE  CC = 555444446;

UPDATE Ginasio.Staff
SET Gerente_Num = 1002
WHERE  CC = 555444447;

UPDATE Ginasio.Staff
SET Gerente_Num = 1002
WHERE  CC = 444555660;

UPDATE Ginasio.Staff
SET Gerente_Num = 1002
WHERE  CC = 444555661;

UPDATE Ginasio.Staff
SET Gerente_Num = 1002
WHERE  CC = 444555662;

UPDATE Ginasio.Staff
SET Gerente_Num = 1002
WHERE  CC = 444555663;

UPDATE Ginasio.Staff
SET Gerente_Num = 1002
WHERE  CC = 444555664;

UPDATE Ginasio.Staff
SET Gerente_Num = 1002
WHERE  CC = 444555665;

UPDATE Ginasio.Staff
SET Gerente_Num = 1002
WHERE  CC = 444555668;

UPDATE Ginasio.Staff
SET Gerente_Num = 1002
WHERE  CC = 444555667;


INSERT INTO Ginasio.Rececionista (Num_func)
VALUES (1005),
       (1006),
       (1007),
       (1008),
       (1009),
       (1010);

INSERT INTO Ginasio.Professor (Num_func)
VALUES (1001),
       (1003),
       (1004),
       (1012),
       (1013),
       (1014),
       (1015),
       (1016),
       (1017),
       (1018);

INSERT INTO Ginasio.Certificacoes_Prof (Num_func, Certificacoes)
VALUES (1004, 'Personal Trainer'),
       (1001, 'Treino Funcional'),
       (1003, 'Pilates'),  
       (1004, 'Musculação Avançada'),
       (1001, 'CrossFit'),
       (1003, 'Yoga'),
       (1004, 'Boxe'),
       (1012, 'Personal Trainer'),
       (1013, 'Treino Funcional'),
       (1014, 'Pilates'),  
       (1015, 'Musculação Avançada'),
       (1016, 'CrossFit'),
       (1017, 'Yoga'),
       (1018, 'Boxe');

INSERT INTO Ginasio.Plano_Adesao (Tipo, CC_Cliente, Preco, Data_fim, Data_inicio, Num_Rec)
VALUES ('Semestral', 123456789, 180.00, '2024-01-01', '2023-07-01', 1005),
       ('Mensal', 987654321, 30.00, '2023-02-01', '2023-01-01', 1005),
       ('Anual', 456789123, 360, '2024-01-01', '2023-01-01', 1006),
       ('Semestral', 789123456, 180, '2023-07-01', '2023-01-01', 1007),
       ('Semestral', 654321987, 180, '2023-07-01', '2023-01-01', 1007),
       ('Anual', 321987654, 360, '2024-01-01', '2023-01-01', 1008),
       ('Mensal', 234567891, 30, '2023-02-01', '2023-01-01', 1009),
       ('Anual', 678912345, 360, '2024-01-01', '2023-01-01', 1010),
       ('Mensal', 345678912, 30, '2023-02-01', '2023-01-01', 1010),
       ('Anual', 890123456, 360, '2024-01-01', '2023-01-01', 1009),
       ('Mensal', 234567890, 30, '2023-02-01', '2023-01-01', 1009),
       ('Anual', 345678901, 360, '2024-01-01', '2023-01-01', 1009),
       ('Semestral', 456789012, 180, '2023-07-01', '2023-01-01', 1009),
       ('Semestral', 567890123, 180, '2023-07-01', '2023-01-01', 1009),
       ('Anual', 678901234, 360, '2024-01-01', '2023-01-01', 1009),
       ('Mensal', 789012345, 30, '2023-02-01', '2023-01-01', 1009),
       ('Anual', 890123459, 360, '2024-01-01', '2023-01-01', 1009),
       ('Mensal', 901234567, 30, '2023-02-01', '2023-01-01', 1009),
       ('Anual', 876543210, 360, '2024-01-01', '2023-01-01', 1009),
       ('Anual', 765432109, 360, '2024-05-11', '2023-05-11', 1008),
       ('Mensal', 223456789, 30, '2023-08-15', '2023-07-15', 1005),
       ('Mensal', 287654321, 30, '2023-02-01', '2023-01-01', 1005),
       ('Anual', 256789123, 360, '2024-01-01', '2023-01-01', 1005),
       ('Semestral', 289123456, 180, '2023-07-01', '2023-01-01', 1005),
      ('Anual', 254321987, 360, '2024-01-01', '2023-01-01', 1006),
      ('Semestral', 221987654, 180, '2023-07-01', '2023-01-01', 1006),
      ('Semestral', 224567891, 180, '2023-07-01', '2023-01-01', 1006),
      ('Anual', 278912345, 360, '2024-01-01', '2023-01-01', 1007),
      ('Semestral', 245678912, 180, '2023-07-01', '2023-01-01', 1007),
      ('Anual', 290123456, 360, '2024-01-01', '2023-01-01', 1008),
      ('Mensal', 133456789, 30, '2023-02-01', '2023-01-01', 1008),
      ('Anual', 937654321, 360, '2024-01-01', '2023-01-01', 1008),
      ('Mensal', 436789123, 30, '2023-02-01', '2023-01-01', 1008),
      ('Anual', 739123456, 360, '2024-01-01', '2023-01-01', 1008),
      ('Semestral', 634321987, 180, '2023-07-01', '2023-01-01', 1008),
      ('Semestral', 331987654, 180, '2023-07-01', '2023-01-01', 1008),
      ('Mensal', 233567891, 30, '2023-02-01', '2023-01-01', 1009),
      ('Anual', 638912345, 360, '2024-01-01', '2023-01-01', 1009),
      ('Anual', 335678912, 360, '2024-01-01', '2023-01-01', 1009),
      ('Anual', 830123456, 360, '2024-01-01', '2023-01-01', 1009),
      ('Mensal', 143456789, 30, '2023-02-01', '2023-01-01', 1009),
      ('Anual', 947654321, 360, '2024-01-01', '2023-01-01', 1009),
      ('Mensal', 446789123, 30, '2023-02-01', '2023-01-01', 1009),
      ('Anual', 749123456, 360, '2024-01-01', '2023-01-01', 1009),
      ('Semestral', 644321987, 180, '2023-07-01', '2023-01-01', 1009),
      ('Semestral', 341987654, 180, '2023-07-01', '2023-01-01', 1009),
      ('Anual', 244567891, 360, '2024-01-01', '2023-01-01', 1009),
      ('Mensal', 648912345, 30, '2023-02-01', '2023-01-01', 1009),
      ('Anual', 344678912, 360, '2024-01-01', '2023-01-01', 1009),
      ('Mensal', 840123456, 30, '2023-02-01', '2023-01-01', 1009);
         

INSERT INTO Ginasio.Pagamento (ID, Valor, Metodo, Estado, Data_venc, Data_canc, CC_Cliente, Num_Rec, Data_Pagamento)
VALUES
    (1, 180.00, 'Cartão de Crédito', 'Pago', '2024-01-01', NULL, 123456789, 1005, '2023-01-01'),
    (2, 30.00, 'Dinheiro', 'Pago', '2023-02-01', NULL, 987654321, 1005, '2023-01-01'),
    (3, 360.00, 'Transferência Bancária', 'Pago', '2024-01-01', NULL, 456789123, 1006, '2023-01-01'),
    (4, 180.00, 'Cartão de Crédito', 'Pago', '2023-07-01', NULL, 789123456, 1007, '2023-01-01'),
    (5, 180.00, 'Cartão de Crédito', 'Pago', '2023-07-01', NULL, 654321987, 1007, '2023-01-01'),
    (6, 360.00, 'Transferência Bancária', 'Cancelado', '2024-01-01', '2023-01-12', 321987654, 1008, NULL),
    (7, 30.00, 'Dinheiro', 'Pago', '2023-02-01', NULL, 234567891, 1009, '2023-01-01'),
    (8, 360.00, 'Transferência Bancária', 'Cancelado', '2024-01-01', '2023-05-01', 678912345, 1010, NULL),
    (9, 30.00, 'Dinheiro', 'Pago', '2023-02-01', NULL, 345678912, 1010, '2023-01-01'),
    (10, 360.00, 'Transferência Bancária', 'Pendente', '2024-01-01', NULL, 890123456, 1009, NULL),
    (11, 30.00, 'Dinheiro', 'Pago', '2023-02-01', NULL, 234567890, 1009, '2023-01-01'),
    (12, 360.00, 'Transferência Bancária', 'Pago', '2024-01-01', NULL, 345678901, 1009, '2023-01-01'),
    (13, 180.00, 'Cartão de Crédito', 'Pago', '2023-07-01', NULL, 456789012, 1009, '2023-01-01'),
    (14, 180.00, 'Cartão de Crédito', 'Pago', '2023-07-01', NULL, 567890123, 1009, '2023-01-01'),
    (15, 360.00, 'Transferência Bancária', 'Pendente', '2024-01-01', NULL, 678901234, 1009, NULL),
    (16, 30.00, 'Dinheiro', 'Pago', '2023-02-01', NULL, 789012345, 1009, '2023-01-01'),
    (17, 360.00, 'Transferência Bancária', 'Pago', '2024-01-01', NULL, 890123459, 1009, '2023-01-01'),
    (18, 30.00, 'Dinheiro', 'Pago', '2023-02-01', NULL, 901234567, 1009, '2023-01-01'),
    (19, 360.00, 'Transferência Bancária', 'Pago', '2024-01-01', NULL, 876543210, 1009, '2023-01-01'),
    (20, 360.00, 'Transferência Bancária', 'Pago', '2024-05-11', NULL, 765432109, 1008, '2023-05-11'),
    (21, 360.00, 'Transferência Bancária', 'Pago', '2024-01-01', NULL, 223456789, 1005, '2023-01-01'),
    (22, 30.00, 'Dinheiro', 'Pago', '2023-02-01', NULL, 287654321, 1005, '2023-01-01'),
    (23, 360.00, 'Transferência Bancária', 'Cancelado', '2024-01-01', '2023-01-04', 256789123, 1005, NULL),
    (24, 180.00, 'Cartão de Crédito', 'Cancelado', '2023-07-01', '2023-01-15', 289123456, 1005, NULL),
    (25, 360.00, 'Transferência Bancária', 'Pago', '2024-01-01', NULL, 254321987, 1006, '2023-01-01'),
    (26, 180.00, 'Cartão de Crédito', 'Pago', '2023-07-01', NULL, 221987654, 1006, '2023-01-01'),
    (27, 180.00, 'Cartão de Crédito', 'Pago', '2023-07-01', NULL, 224567891, 1006, '2023-01-01'),
    (28, 360.00, 'Transferência Bancária', 'Pago', '2024-01-01', NULL, 278912345, 1007, '2023-01-01'),
    (29, 180.00, 'Cartão de Crédito', 'Pago', '2023-07-01', NULL, 245678912, 1007, '2023-01-01'),
    (30, 360.00, 'Transferência Bancária', 'Pago', '2024-01-01', NULL, 290123456, 1008, '2023-01-01'),
    (31, 30.00, 'Dinheiro', 'Pago', '2023-02-01', NULL, 133456789, 1008, '2023-01-01'),
    (32, 360.00, 'Transferência Bancária', 'Pago', '2024-01-01', NULL, 937654321, 1008, '2023-01-01'),
    (33, 30.00, 'Dinheiro', 'Pago', '2023-02-01', NULL, 436789123, 1008, '2023-01-01'),
    (34, 360.00, 'Transferência Bancária', 'Cancelado', '2024-01-01', '2023-01-20', 739123456, 1008, NULL),
    (35, 180.00, 'Cartão de Crédito', 'Pago', '2023-07-01', NULL, 634321987, 1008, '2023-01-01'),
    (36, 180.00, 'Cartão de Crédito', 'Pendente', '2023-07-01', NULL, 331987654, 1008, NULL),
    (37, 30.00, 'Dinheiro', 'Pago', '2023-02-01', NULL, 233567891, 1009, '2023-01-01'),
    (38, 360.00, 'Transferência Bancária', 'Pago', '2024-01-01', NULL, 638912345, 1009, '2023-01-01'),
    (39, 360.00, 'Transferência Bancária', 'Pago', '2024-01-01', NULL, 335678912, 1009, '2023-01-01'),
    (40, 360.00, 'Transferência Bancária', 'Pago', '2024-01-01', NULL, 830123456, 1009, '2023-01-01'),
    (41, 30.00, 'Dinheiro', 'Pago', '2023-02-01', NULL, 143456789, 1009, '2023-01-01'),
    (42, 360.00, 'Transferência Bancária', 'Pendente', '2024-01-01', NULL, 947654321, 1009, NULL),
    (43, 30.00, 'Dinheiro', 'Pago', '2023-02-01', NULL, 446789123, 1009, '2023-01-01'),
    (44, 360.00, 'Transferência Bancária', 'Cancelado', '2024-01-01', '2023-01-09', 749123456, 1009, NULL),
    (45, 180.00, 'Cartão de Crédito', 'Pago', '2023-07-01', NULL, 644321987, 1009, '2023-01-01'),
    (46, 180.00, 'Cartão de Crédito', 'Pago', '2023-07-01', NULL, 341987654, 1009, '2023-01-01'),
    (47, 360.00, 'Transferência Bancária', 'Pago', '2024-01-01', NULL, 244567891, 1009, '2023-01-01'),
    (48, 30.00, 'Dinheiro', 'Pago', '2023-02-01', NULL, 648912345, 1009, '2023-01-01'),
    (49, 360.00, 'Transferência Bancária', 'Pago', '2024-01-01', NULL, 344678912, 1009, '2023-01-01'),
    (50, 30.00, 'Dinheiro', 'Pago', '2023-02-01', NULL, 840123456, 1009, '2023-01-01');

INSERT INTO Ginasio.Feedback (CC_Cliente, ID_Professor, Comentários, [Data])
VALUES (123456789, 1004, 'Excelente professor! Sempre motivado e dedicado às aulas.', '2023-04-15'),
       (987654321, 1001, 'Ótimo profissional! Explicações claras e atencioso com os alunos.', '2023-05-02'),
       (456789123, 1003, 'Adorei treinar com esta professora! Muito simpática e motivadora.', '2023-03-25'),
       (321987654, 1015, 'A professora é muito competente e traz sempre novidades para as aulas.', '2023-04-10'),
       (890123456, 1016, 'Excelente professor! Ele ajudou-me a atingir meus objetivos de forma eficiente.', '2023-05-05'),
       (648912345, 1012, 'A professora é muito paciente e prestativa. Recomendo!', '2023-04-18'),
       (567890123, 1017, 'O professor possui ótimo conhecimento e técnicas avançadas.', '2023-05-08'),
       (244567891, 1018, 'Estou satisfeito com as aulas. O professor é muito profissional.', '2023-03-29'),
       (638912345, 1018, 'Excelente profissional! As aulas são desafiadoras e divertidas.', '2023-04-12'),
       (221987654, 1015, 'A professora tem muita energia e transmite isso para os alunos.', '2023-05-01'),
       (876543210, 1004, 'O professor é comprometido e oferece sempre suporte individualizado.', '2023-04-20'),
       (765432109, 1016, 'Gosto muito das aulas com este professor. Ele é muito motivador.', '2023-05-09');

INSERT INTO Ginasio.Sala (ID, Tipo, Num_Max_alunos)
VALUES
    (1, 'Musculação', 100),
    (2, 'Yoga', 20),
    (3, 'Pilates', 15),
    (4, 'Spinning', 25),
    (5, 'Funcional', 40),
    (6, 'Crossfit', 20);


INSERT INTO Ginasio.Aula (ID, Sala_ID, ID_Professor)
VALUES (1, 1, 1004),
       (2, 2,1003),
       (3, 6, 1016),
       (4, 4, 1001),
       (5, 1, 1015),
       (6, 3, 1003),
       (7, 6, 1018),
       (8, 5, 1013),
       (9, 3, 1014),
       (10, 2, 1017),
       (11, 1, 1012);
      
INSERT INTO Ginasio.Aula_Horario (Aula_ID, Hora_Inicio, Hora_Fim, Dia_Semana)
VALUES
    (6, '19:00', '20:00', 'Segunda-feira'),
    (3, '19:00', '20:00', 'Segunda-feira'),
    (4, '19:15', '20:15', 'Segunda-feira'),
    (1, '07:00', '13:00', 'Segunda-feira'),
    (5, '13:00', '20:00', 'Segunda-feira'),
    (1, '14:00', '16:00', 'Segunda-feira'),
    (11, '20:00', '23:00', 'Segunda-feira'),
    (1, '07:00', '13:00', 'Terça-feira'),
    (5, '13:00', '20:00', 'Terça-feira'),
    (1, '14:00', '16:00', 'Terça-feira'),
    (11, '20:00', '23:00', 'Terça-feira'),
    (2, '07:30', '08:30', 'Terça-feira'),
    (10, '18:30', '19:30', 'Terça-feira'),
    (7, '19:00', '20:00', 'Terça-feira'),
    (8, '19:00', '20:00', 'Terça-feira'),
    (9, '19:00', '20:00', 'Terça-feira'),
    (1, '07:00', '13:00', 'Quarta-feira'),
    (5, '13:00', '20:00', 'Quarta-feira'),
    (1, '14:00', '16:00', 'Quarta-feira'),
    (11, '20:00', '23:00', 'Quarta-feira'),
    (6, '19:00', '20:00', 'Quarta-feira'),
    (3, '19:00', '20:00', 'Quarta-feira'),
    (4, '19:15', '20:15', 'Quarta-feira'),
    (1, '07:00', '13:00', 'Quinta-feira'),
    (5, '13:00', '20:00', 'Quinta-feira'),
    (1, '14:00', '16:00', 'Quinta-feira'),
    (11, '20:00', '23:00', 'Quinta-feira'),
    (2, '07:30', '08:30', 'Quinta-feira'),
    (10, '18:30', '19:30', 'Quinta-feira'),
    (7, '19:00', '20:00', 'Quinta-feira'),
    (8, '19:00', '20:00', 'Quinta-feira'),
    (9, '19:00', '20:00', 'Quinta-feira'),
    (1, '07:00', '13:00', 'Sexta-feira'),
    (5, '13:00', '20:00', 'Sexta-feira'),
    (1, '14:00', '16:00', 'Sexta-feira'),
    (11, '20:00', '23:00', 'Sexta-feira'),
    (6, '19:00', '20:00', 'Sexta-feira'),
    (3, '19:00', '20:00', 'Sexta-feira'),
    (4, '19:15', '20:15', 'Sexta-feira'),
    (1, '08:00', '13:00', 'Sábado'),
    (5, '13:00', '18:00', 'Sábado'),
    (2, '07:30', '08:30', 'Sábado'),
    (6, '10:00', '11:00', 'Sábado');

INSERT INTO Ginasio.Plano_Treino (ID, Data_Inicio, Data_Fim, Num_Treinos_Semanais, ID_Professor, CC_Cliente)
VALUES (1, '2023-05-01', '2023-06-01', 4, 1012, 567890123),
       (2, '2023-05-05', '2023-06-05', 3, 1004, 789123456),
       (3, '2023-05-10', '2023-06-10', 5, 1004, 287654321),
       (4, '2023-05-15', '2023-06-15', 2, 1012, 278912345),
       (5, '2023-05-12', '2023-06-12', 3, 1004, 830123456),
       (6, '2023-05-08', '2023-06-08', 4, 1004, 634321987),
       (7, '2023-05-20', '2023-06-20', 3, 1012, 937654321),
       (8, '2023-05-18', '2023-06-18', 2, 1015, 345678901),
       (9, '2023-05-25', '2023-06-25', 4, 1015, 654321987),
       (10, '2023-05-22', '2023-06-22', 3, 1004, 644321987),
       (11, '2023-05-30', '2023-06-30', 5, 1004, 344678912),
       (12, '2023-05-27', '2023-06-27', 2, 1004, 224567891),
       (13, '2023-06-01', '2023-07-01', 4, 1012, 890123459),
       (14, '2023-05-28', '2023-06-28', 3, 1004, 290123456),
       (15, '2023-06-05', '2023-07-05', 3, 1015, 254321987),
       (16, '2023-06-03', '2023-07-03', 2, 1015, 335678912),
       (17, '2023-06-10', '2023-07-10', 4, 1004, 341987654),
       (18, '2023-06-08', '2023-07-08', 3, 1004, 456789012),
       (19, '2023-06-15', '2023-07-15', 5, 1012, 456789123),
       (20, '2023-06-12', '2023-07-12', 2, 1004, 123456789),
       (21, '2023-06-20', '2023-07-20', 4, 1004, 245678912),
       (22, '2023-06-18', '2023-07-18', 3, 1004, 890123456);

INSERT INTO Ginasio.Equipamento (ID, Nome)
VALUES (1, 'Esteira'),
       (2, 'Bicicleta Ergométrica'),
       (3, 'Máquina de Remo'),
       (4, 'Supino Inclinado'),
       (5, 'Crossover'),
       (6, 'Barra Fixa'),
       (7, 'Mesa Flexora'),
       (8, 'Bola Suíça'),
       (9, 'Elíptico'),
       (10, 'Leg Press'),
       (11, 'Crossover'),
       (12, 'Banco de Supino'),
       (13, 'Bicicleta Indoor'),
       (14, 'Leg Press'),
       (15, 'Máquina de Abdominais'),
       (16, 'Stepper'),
       (17, 'Máquina de Flexão de Pernas'),
       (18, 'Remada Alta'),
       (19, 'Mesa Flexora'),
       (20, 'Máquina de Agachamento'),
       (21, 'Pulldown'),
       (22, 'Bola de Pilates'),
       (23, 'Escada de Agilidade'),
       (24, 'Smith Machine'),
       (25, 'Barra Fixa'),
       (26, 'Banco de Rosca Scott'),
       (27, 'Step'),
       (28, 'Trampolim'),
       (29, 'Bosu'),
       (30, 'Corda de Pular');

INSERT INTO Ginasio.Exercicio (ID, Nome, ID_Equipamento)
VALUES (1, 'Corrida na Esteira', 1),
       (2, 'Ciclismo na Bicicleta Ergométrica', 2),
       (3, 'Remada na Máquina de Remo', 3),
       (4, 'Supino na Máquina de Musculação', 4),
       (5, 'Treino Elíptico', 5),
       (6, 'Corrida na passadeira Inclinada', 6),
       (7, 'Treino Cross Trainer', 7),
       (8, 'Prensa de Pernas', 8),
       (9, 'Puxador Vertical', 9),
       (10, 'Remada Baixa', 10),
       (11, 'Crossover', 11),
       (12, 'Supino Reto', 12),
       (13, 'Treino de Spinning', 13),
       (14, 'Leg Press', 14),
       (15, 'Abdominal Crunch', 15),
       (16, 'Step Aeróbico', 16),
       (17, 'Flexão de Pernas', 17),
       (18, 'Remada Alta', 18),
       (19, 'Mesa Flexora', 19),
       (20, 'Agachamento Livre', 20),
       (21, 'Pulldown', 21),
       (22, 'Exercícios com Bola de Pilates', 22),
       (23, 'Escada de Agilidade', 23),
       (24, 'Smith Machine', 24),
       (25, 'Barra Fixa', 25),
       (26, 'Rosca Scott', 26),
       (27, 'Step Aeróbico', 27),
       (28, 'Trampolim', 28),
       (29, 'Exercícios com Bosu', 29),
       (30, 'Corda de Pular', 30),
       (31, 'Agachamento Smith', 20),
       (32, 'Supino Inclinado', 12),
       (41, 'Flexão de Braço', NULL),
       (42, 'Agachamento Livre', NULL),
       (43, 'Prancha Abdominal', NULL),
       (44, 'Burpees', NULL),
       (45, 'Mountain Climbers', NULL),
       (46, 'Abdominal Crunch', NULL),
       (47, 'Flexões de Perna', NULL),
       (48, 'Polichinelo', NULL),
       (49, 'Avanço Alternado', NULL),
       (50, 'Prancha Lateral', NULL);

INSERT INTO Ginasio.Inclui (ID_Ex, ID_PT, Tempo, Num_Series, Num_Reps)
VALUES 
(3, 1, '00:00:30', 3, 12),
(15, 1, '00:00:45', 4, 10),
(7, 1, '00:30:00', 1, NULL),
(12, 1, '00:00:30', 3, 12),
(10, 1, NULL, 2, 10),
(1, 2, '00:00:25', 3, 15),
(4, 2, '00:00:30', 3, NULL),
(9, 2, '00:00:40', 4, 10),
(6, 2, '00:30:00', 1, NULL),
(8, 2, NULL, 3, 10),
(18, 3, '00:00:20', 3, 10),
(5, 3, '00:30:00', 2, NULL),
(11, 3, '00:00:30', 3, NULL),
(2, 3, '00:00:40', 4, 10),
(14, 3, NULL, 3, 12),
(9, 4, '00:00:25', 4, NULL),
(16, 4, '00:00:30', 3, 15),
(3, 4, NULL, 2, 10),
(12, 4, '00:00:20', 3, 12),
(7, 4,'00:30:00', 2, NULL),
(20, 5, NULL, 3, 12),
(6, 5,'00:30:00', 1, NULL),
(1, 5, '00:00:40', 4, 10),
(8, 5, NULL, 3, 12),
(19, 5, '00:00:25', 4, NULL),
(10, 6, '00:00:30', 3, 15),
(17, 6, NULL, 2, 10),
(13, 6, '00:00:20', 3, 12),
(4, 6, NULL, 4, 10),
(15, 6,NULL, 3, 12),
(21, 7, '00:00:30', 3, 12),
(29, 7, NULL, 4, 10),
(32, 7, '00:00:20', 4, 8),
(25, 7, '00:00:30', 3, NULL),
(4, 7, '00:00:15', 2, 10),
(23, 8, NULL, 3, 15),
(27, 8, '00:00:30', 3, 12),
(9, 8, '00:00:40', 4, NULL),
(10, 8, '00:00:25', NULL, 12),
(30, 8, NULL, 3, 100),
(25, 9, '00:00:25', 3, 12),
(26, 9, '00:00:30', 4, 10),
(3, 9, '00:00:40', 4, 12),
(20, 9, NULL, 3, 10),
(24, 9, '00:00:25', 4, NULL),
(28, 10, '00:00:30', 3, 15),
(20, 10, NULL, 2, 10),
(22, 10, '00:00:20', 3, 12),
(1, 10, NULL, 4, 10),
(31, 10, '00:00:25', 3, 12),
(41, 11, NULL, 3, 12),
(42, 11, NULL, 4, 10),
(43, 11, '00:01:00', 3, NULl),
(44, 11, '00:00:30', 3, NULL),
(45, 11, '00:01:00', 3, NULL),
(46, 12, NULL, 3, 15),
(47, 12, '00:00:30', 3, 12),
(48, 12, '00:00:40', 4, NULL),
(49, 12, '00:01:00', 3, 12),
(50, 12, NULL, 3, 12),
(1, 13, '00:00:30', 3, 12),
(2, 13, NULL, 4, 10),
(3, 13, '00:00:20', 4, 8),
(4, 13, '00:00:30', 3, NULL),
(5, 13, '00:30:00', 2, NULL),
(6, 14,'00:30:00', 1, NULL),
(7, 14, '00:30:00', 1, NULL),
(8, 14, NULL, 4, 10),
(9, 14, NULL, 3, 12),
(10, 14, NULL, 3, 12),
(11, 15, NULL, 3, 12),
(12, 15, NULL, 4, 10),
(13, 15, '00:20:00', 2, NULL),
(14, 15, '00:00:30', 3, NULL),
(15, 15, '00:00:15', 2, 10),
(16, 16, NULL, 3, 15),
(17, 16, '00:00:30', 3, 12),
(18, 16, '00:00:40', 4, NULL),
(19, 16, NULL, 3, 12),
(20, 16, NULL, 3, 15),
(21, 17, '00:00:30', 3, 12),
(22, 17, NULL, 4, 10),
(23, 17, '00:15:00', 2, NULL),
(24, 17, '00:00:30', 3, NULL),
(25, 17, '00:00:15', 2, 10),
(26, 18, NULL, 3, 15),
(27, 18, '00:00:30', 3, 12),
(28, 18, '00:00:40', 4, NULL),
(29, 18, '00:00:45', 3, 12),
(30, 18, NULL, 3, 100),
(31, 19, '00:00:30', 3, 12),
(32, 19, NULL, 4, 10),
(3, 19, NULL, 4, 8),
(4, 19, '00:00:30', 3, NULL),
(9, 19, NULL, 2, 10),
(10, 20, NULL, 3, 15),
(21, 20, NULL, 3, 12),
(16, 20, '00:00:40', 4, NULL),
(17, 20, NULL, 3, 12),
(5, 20, '00:30:00', 1, NULL),
(41, 21, NULL, 3, 12),
(42, 21, NULL, 4, 10),
(43, 21, '00:01:00', 3, NULL),
(44, 21, '00:00:30', 3, NULL),
(45, 21, '00:01:00', 3, NULL),
(46, 22, NULL, 3, 15),
(47, 22, '00:00:30', 3, 12),
(48, 22, '00:00:40', 4, NULL),
(49, 22, NULL, 3, 12),
(50, 22, '00:01:00', 3, NULL);

INSERT INTO Ginasio.Inscreve (ID_Aula, CC_Cliente, Estado)
VALUES
(3, 123456789, 'Confirmada'),
(8, 987654321, 'Confirmada'),
(2, 456789123, 'Confirmada'),
(1, 789123456, 'Confirmada'),
(1,654321987 , 'Cancelada'),
(1, 234567891, 'Confirmada'),
(4, 345678912, 'Confirmada'),
(9, 234567890, 'Confirmada'),
(11, 345678901, 'Confirmada'),
(3, 456789012, 'Confirmada'),
(3, 567890123, 'Confirmada'),
(7, 789012345, 'Confirmada'),
(7, 890123459, 'Confirmada'),
(7, 901234567, 'Confirmada'),
(9, 876543210, 'Confirmada'),
(10, 765432109, 'Confirmada'),
(1, 223456789, 'Cancelada'),
(1, 287654321, 'Confirmada'),
(3, 254321987, 'Confirmada'),
(3, 224567891, 'Confirmada'),
(4, 278912345, 'Confirmada'),
(4, 245678912, 'Cancelada'),
(4, 133456789, 'Confirmada'),
(3, 937654321, 'Confirmada'),
(9, 436789123, 'Confirmada'),
(5, 634321987, 'Confirmada'),
(5, 233567891, 'Cancelada'),
(5, 638912345, 'Confirmada'),
(3, 335678912, 'Confirmada'),
(3, 830123456, 'Confirmada'),
(3, 143456789, 'Confirmada'),
(10, 654321987, 'Confirmada'),
(8, 234567891, 'Confirmada'),
(1, 345678912, 'Confirmada'),
(2, 234567890, 'Confirmada'),
(2, 345678901, 'Confirmada'),
(6, 456789012, 'Cancelada'),
(1, 567890123, 'Confirmada'),
(2, 789012345, 'Confirmada'),
(2, 890123459, 'Confirmada'),
(8, 123456789, 'Cancelada'),
(4, 987654321, 'Confirmada'),
(7, 456789123, 'Confirmada'),
(9, 789123456, 'Confirmada'),
(4, 654321987, 'Confirmada');
