
INSERT INTO Ginasio.Cliente (CC, Fname, Lname, Email, Telemovel, NIF, Morada, Data_Nasc) 
VALUES (123456789, 'Ana', 'Silva', 'ana.silva@example.com', 912345678, 205896325, 'Rua das Flores, 1', '1990-01-01'),
       (987654321, 'Pedro', 'Santos', 'pedro.santos@example.com', 931234567, 200142589, 'Rua do Sol, 2', '1985-06-20'),
       (456789123, 'Marta', 'Ferreira', 'marta.ferreira@example.com', 931234568, NULL, 'Avenida da Liberdade, 3', '1995-09-14'),
       (789123456, 'Tiago', 'Oliveira', 'tiago.oliveira@example.com', 912345679, 189858585, 'Rua da Praia, 4', '1982-03-10'),
       (654321987, 'Sofia', 'Gonçalves', NULL, 931234569, 188745214, 'Rua da Montanha, 5', '1998-12-31'),
       (321987654, 'Rui', 'Sousa', 'rui.sousa@example.com', 912345670, NULL, 'Travessa das Oliveiras, 6', '1988-08-08'),
       (234567891, 'Carla', 'Rodrigues', 'carla.rodrigues@example.com', 931234570, 189658236, 'Rua dos Pinheiros, 7', '1993-05-15'),
       (678912345, 'Diogo', 'Pereira', 'diogo.pereira@example.com', 912345671, 253478963, 'Rua da Lagoa, 8', '1980-11-22'),
       (345678912, 'Ana', 'Fernandes', 'ana.fernandes@example.com', 931234571, 251458758, 'Avenida das Oliveiras, 9', '1991-08-03'),
       (890123456, 'Miguel', 'Costa', 'miguel.costa@example.com', 912345672, 255569856, 'Rua dos Cedros, 10', '1996-02-17'),
       (234567890, 'Paulo', 'Luís', 'paulo.luis@example.com', 912345673, 205896329, 'Rua das Flor, 2', '1991-01-01'),
       (345678901, 'João', 'Carlos', NULL, 931234563, NULL, NULL, NULL),
       (456789012, 'Mónica', 'Alho', 'monica.alho@example.com', 931234553, NULL, NULL, '1996-09-14'),
       (567890123, 'Tomás', 'Matos', 'tomas.matos@example.com', 912345643, 189858589, 'Rua das Praias, 4', '1983-03-10'),
       (678901234, 'Sónia', 'Manuela', NULL, 931234543, 188745219, 'Rua do Pico, 1', '1997-12-31'),
       (789012345, 'Rubén', 'Garruço', 'ruben.garruco@example.com', 912345639, NULL, 'Travessa das Cardadeiras, 4', NULL),
       (890123459, 'Carlos', 'Cunha', 'carlos.cunha@example.com', 931234573, 189658239, NULL, '1995-05-15'),
       (901234567, 'Diana', 'Simões', 'diana.simoes@example.com', 912345623, 253478969, 'Rua das Alagoas, 8', '1981-11-22'),
       (876543210, 'André', 'Marques', 'andre.marques@example.com', 931234523, 251458759, NULL, NULL),
       (765432109, 'Micael', 'Ferreira', NULL, 912345613, 255569859, 'Rua dos Cedros, 8', NULL),
       (223456789, 'Paula', 'Rodrigues', 'Paula.rodrigues@example.com', 922345678, 225896325, 'Rua do Girassol, 1', '1980-01-01'),
       (287654321, 'Pedro', 'Nuno', 'pedro.nuno@example.com', 921234567, 220142589, 'Rua do Sol, 7', '1988-06-20'),
       (256789123, 'Marta', 'Inácio', 'marta.inacio@example.com', 921234568, 221142589, 'Avenida Europa, 2', '1998-09-14'),
       (289123456, 'Tobias', 'Oliveira', 'tobias.oliveira@example.com', 922345679, 229858585, 'Rua Principal, 1', '1988-03-10'),
       (254321987, 'João', 'Gonçalves', 'joao.goncalves', 921234569, 228745214, 'Rua do Cume, 5', '1988-12-31'),
       (221987654, 'Ricardo', 'Sousa', 'ricardo.sousa@example.com', 922345670, 222142589, 'Montado das Oliveiras, 6', '1988-08-01'),
       (224567891, 'Carla', 'Tavares', 'carla.tavares@example.com', 921234570, 229658236, 'Rua dos Pinheiros, 2', '1983-05-15'),
       (278912345, 'Diogo', 'Luís', 'diogo.luis@example.com', 922345671, 223478963, 'Rua da Lagoa, 4', '1988-11-22'),
       (245678912, 'Matilde', 'Costa', 'matilde.costa@example.com', 921234571, 221458758, 'Travessa das Oliveiras, 9', '1994-08-03'),
       (290123456, 'Mara', 'Costa', 'mara.costa@example.com', 922345672, 225569856, 'Rua dos Pergutinhos', '1996-05-17'),
       (133456789, 'Ana', 'Lopes', 'ana.lopes@example.com', 932345678, 235896325, 'Rua Costa, 3', NULL),
       (937654321, 'Pedro', 'Xavier', 'pedro.xavier@example.com', 933234567, 230142589, NULL, '2000-06-20'),
       (436789123, 'Marta', 'Félix', 'marta.félix@example.com', 933234568, NULL, 'Avenida Europa, 233', '2000-09-14'),
       (739123456, 'Tiago', 'Figueiredo', 'tiago.figueiredo@example.com', 932345679, NULL, 'Rua Principal, 2', NULL),
       (634321987, 'Ema', 'Gonçalves', NULL, 933234569, 138745214, 'Rua do Sopé, 1', '2000-12-31'),
       (331987654, 'Rubén', 'Silva', NULL, 932345670, NULL, 'Travessa das Oliveiras, 16', '2000-08-08'),
       (233567891, 'Carlota', 'Rodrigues', 'carlota.rodrigues@example.com', 933234570, NULL, 'Vale da Cerejeira, 46', '2000-05-15'),
       (638912345, 'Diogo', 'Oliveira', 'diogo.oliveira@example.com', 932345671, NULL, NULL, '2001-11-22'),
       (335678912, 'Beatriz', 'Fernandes', 'beatriz.fernandes@example.com', 933234571, 231458758, NULL, '2001-08-03'),
       (830123456, 'Miguel', 'Cunha', 'miguel.cunha@example.com', 932345672, 235569856, 'Vale da Cerejeira, 18', NULL),
       (143456789, 'Leonor', 'Carvalho', NULL, 942345678, 245896325, 'Rua Claro,33', '1999-01-01'),
       (947654321, 'Luana', 'Santos', NULL, 941234567, 240142589, 'Rua Luz, 44', '1999-06-20'),
       (446789123, 'Maria', 'Pereira', 'marta.ferreira@example.com', 941234568, NULL, 'Avenida Peixe, 2', '1999-09-14'),
       (749123456, 'Tiago', 'Xipelo', 'tiago.xipelo@example.com', 942345679, NULL, NULL, NULL),
       (644321987, 'Sofia', 'Canas', NULL, 941234569, 188745214, NULL, '1999-12-31'),
       (341987654, 'Rafael', 'Rolo', 'rafael.rolo@example.com', 942345670, NULL, 'Travessa das Oliveiras, 4', '1989-08-08'),
       (244567891, 'Tomás', 'Rodrigues', 'tomas.rodrigues@example.com', 941234570, 249658236, NULL, '1993-05-15'),
       (648912345, 'Martim', 'Costa', 'martim.costa@example.com', 942345671, 243478963, NULL, '2003-11-22'),
       (344678912, 'Francisco', 'Costa', 'francisco.costa@example.com', 941234571, 241458758, 'Rua Couto, 5', '2003-11-22'),
       (840123456, 'João', 'Costa', 'joao.costa@example.com', 942345672, NULL, 'Rua Couto, 5', '2003-11-22'),
       (153456789, 'Catarina', 'Matos', 'catarina.matos@example.com', 952345678, 255896325, 'Rua do Mercado, 2', NULL),
       (957654321, 'Pedro', 'Reis', NULL, 951234567, 250142589, 'Rua Azul, 2', '1985-06-20'),
       (455789123, 'Marta', 'Constâncio', 'marta.constancio@example.com', 951234568, NULL, 'Avenida da Liberdade, 30', NULL),
       (759123456, 'Tiago', 'Cruz', NULL, 952345679, 259858585, 'Rua da Praia, 40', '1982-03-10'),
       (655321987, 'Cátia', 'Gonçalves', NULL, 951234569, 258745214, 'Rua da Prata, 12', '1998-12-31'),
       (351987654, 'Xavier', 'Sousa', NULL, 952345670, NULL, 'Travessa das Oliveiras, 10', NULL),
       (254567891, 'Emanuel', 'Branco', 'emanuel.branco@example.com', 951234570, 259658236, 'Rua do Pinheiro Grande, 2', NULL),
       (658912345, 'Rodrigo', 'Ventura', NULL, 952345671, 255478963, 'Rua das Alagoas, 4', '1980-11-22'),
       (355678912, 'André', 'Ventura', 'andre.ventura@chega.pt', 951234571, 255458758, NULL, '1991-08-03'),
       (850123456, 'Carlos', 'Borrego', 'carlos.borrego@example.com', 952345672, NULL, 'Rua da Cerejeira, 3', '1996-02-17'),
       (163456789, 'Beatriz', 'Bastos', NULL, 962345678, 265896325, NULL, '1990-12-01'),
       (967654321, 'Beatriz', 'Glória', NULL, 961234567, 260142589, NULL, '1986-02-20'),
       (466789123, 'Miguel', 'Vaz', 'miguel.vaz@example.com', 961234568, NULL, 'Avenida da Baixa', '2005-04-14'),
       (769123456, 'Francisco', 'Oliveira', 'francisco.oliveira@example.com', 962345679, 269858585, NULL, '2002-06-10'),
       (664321987, 'Francisco', 'Corujo', NULL, 961234569, 268745214, 'Rua da Alegria, 5', '2002-12-31'),
       (361987654, 'Pedro', 'Palavra', 'pedro.palavra@example.com', 962345670, NULL, 'Travessa das Oliveiras, 11', '2002-10-12'),
       (264567891, 'Tomás', 'Vidal', 'tomas.vidal@example.com', 961234570, NULL, 'Rua do Pinheiro Bravo, 10', '2002-09-15'),
       (668912345, 'José', 'Bicho', 'jose.bicho@example.com', 962345671, 263478963, 'Rua Principal, 3', NULL),
       (365678912, 'Mário', 'Nogueira', 'mario.nogueira@example.com', 961234571, 261458758, 'Avenida das Azinheiras, 9', NULL),
       (860123456, 'Mário', 'Costa', 'mario.costa@example.com', 962345672, 265569856, NULL, NULL),
    (173456789, 'Manuel', 'Pereira', 'manuel.pereira@example.com', 972345678, 275896325, 'Rua do Vendaval, 1', '1990-02-01'),
       (977654321, 'Joana', 'Carrilho', 'joana.carrilho@example.com', 971234567, 270142589, 'Rua do Sol, 9', '1985-06-01'),
       (476789123, 'João', 'Ferreira', 'joao.ferreira@example.com', 971234568, NULL, NULL, '2005-10-14'),
       (779123456, 'João', 'Carrilho', NULL, 972345679, 279858585, 'Rua da Praia, 6', '2001-04-10'),
       (674321987, 'Beatriz', 'Sousa', NULL, 971234569, 278745214, NULL, '2004-10-30'),
       (371987654, 'Sara', 'Sousa', 'sara.sousa@example.com', 972345670, NULL, 'Travessa das Oliveiras, 12', '1988-03-28'),
       (274567891, 'Catarina', 'Duarte', 'catarina.cuarte@example.com', 971234570, 279658236, 'Rua do Pinheiro Manso, 2', '1993-07-13'),
       (677912345, 'Ana', 'Carmo', 'ana.carmo@example.com', 972345671, NULL, 'Rua da Azeitona, 3', '1981-11-11'),
       (375678912, 'Rosário', 'Carmo', 'rosario.carmo@example.com', 971234571, 271458758, NULL, '1999-04-03'),
       (870123456, 'Benilde', 'Coutinho', 'benilde.coutinho@example.com', 972345672, 275569856, 'Rua dos Cedros, 15', NULL),
    (183456789, 'Diogo', 'Tavares', 'diogo.tavares@example.com', 982345678, 285896325, 'Rua José Sebastião, 20', '1970-01-01'),
       (988654321, 'João', 'Silva', 'joao.silva@example.com', 981234567, 280142589, 'Rua José Sebastião, 12', '1975-06-02'),
       (486789123, 'João', 'Matos', 'joao.matos@example.com', 981234568, NULL, 'Avenida da Liberdade, 21', '1975-05-14'),
       (788123456, 'Marcelo', 'Santiago', 'marcelo.santiago@example.com', 982345679, 289858585, 'Rua José Sebastião, 2', '1972-04-10'),
       (684321987, 'Joaquim', 'Madeira', NULL, 981234569, 188745214, NULL, '1978-11-30'),
       (381987654, 'Armando', 'Batista', 'armando.batista@example.com', 982345670, NULL, 'Travessa das Oliveiras, 13', '1978-04-11'),
       (284567891, 'Armindo', 'Gaspar', 'armindo.gaspar@example.com', 981234570, 289658236, 'Rua Principal, 5', NULL),
       (688912345, 'Rubén', 'Silvestre', NULL, 982345671, 283478963, 'Rua do Ver, 2', '1970-09-23'),
       (385678912, 'Rui', 'Sampaio', 'rui.sampaio@example.com', 981234571, 281458758, NULL, '1971-01-03'),
       (880123456, 'Maurício', 'Júnior', 'mauricio.júnior@example.com', 982345672, 285569856, NULL, '1976-05-17'),
       (193456789, 'Diego', 'Tavares', 'diego.tavares@example.com', 992345678, 295896325, 'Rua Brasil, 1', NULL),
       (997654321, 'Peterson', 'Morais', 'peterson.morais@example.com', 991234567, 290142589, NULL, '1967-02-20'),
       (496789123, 'Júlio', 'Dinis', 'julio.dinis@example.com', 991234568, NULL, 'Avenida da Liberdade, 23', '1968-07-14'),
       (799123456, 'Fernando', 'Pessoas', 'fernando.pessoas@example.com', 992345679, 199858585, 'Rua do Mar, 10', '1968-06-12'),
       (694321987, 'José', 'Mago', NULL, 991234569, 198745214, 'Quinta do Monte, 5', '1968-12-25'),
       (391987654, 'Camilo', 'Aveiro', 'camilo.aveiro@example.com', 992345670, NULL, 'Travessa das Oliveiras, 14', '1968-04-16');


-- SELECT * FROM Ginasio.Cliente;

INSERT INTO Ginasio.Staff (CC, Fname, Lname, Email, Telemovel, NIF, Morada, Data_Nasc, Salario, Num_func, Data_Contr, Horario_Lab, Gerente_Num)
VALUES (111222333, 'Maria', 'Santos', 'maria.santos@example.com', 912345678, 123456789, 'Rua das Flores, 1', '1990-01-01', 2500, 1001, '2022-01-15', '09:00:00', 1002),
       (444555666, 'João', 'Silva', 'joao.silva@example.com', 931234567, 987654321, 'Rua do Sol, 10', '1985-06-20', 3500, 1002, '2018-01-01', '08:30:00', 1002),
       (777888999, 'Andreia', 'Fernandes', 'andreia.fernandes@example.com', 928234568, 456789123, 'Avenida da Liberdade, 3', '1995-09-14', 2200, 1003, '2023-02-05', '10:00:00', 1002),
       (999888777, 'Ricardo', 'Pereira', 'ricardo.pereira@example.com', 912345679, 789123456, 'Rua da Praia, 4', '1982-03-10', 3000, 1004, '2020-07-20', '08:00:00', 1002),
       (222333444, 'Ana', 'Oliveira', NULL, 931234569, 654321987, 'Rua da Montanha, 5', '1998-12-31', 2600, 1005, '2022-03-25', '09:30:00', 1011),
       (555444333, 'Pedro', 'Sousa', 'pedro.sousa@example.com', 912345670, 321987654, 'Travessa das Oliveiras, 6', '1990-08-08', 2400, 1006, '2023-04-05', NULL, 1011),
       (555444444, 'Paulo', 'Gomes', 'paulo.gomes@example.com', 913555456, 9876543212, 'Rua dos Carvalhos, 6', '1977-05-10', 1800, 1007, '2019-05-01', '08:00:00', 1011),
       (555444445, 'José', 'Oliveira', 'jose.oliveira@example.com', 927555789, 987645323, 'Rua Brasil, 4', '2000-10-10', 1000, 1008, '2021-03-15','08:00:00', 1011),
       (555444446, 'Filipe', 'Almeida', 'filipe.almeida@example.com', 927555780, 986754323, 'Rua Principal, 6', '1999-10-05', 1000, 1009, '2021-03-15', '08:00:00',1011),
       (555444447, 'Gabriel', 'Abreu', 'gabriel.abreu@example.com', 927555719, 978654323, 'Rua do Sol, 11', '1980-05-10', 2500, 1010, '2018-01-01','08:00:00', 1011),
       (444555660, 'Mário', 'Silva', 'mario.silva@example.com', 931234568, 987654322, 'Rua de África, 1', '1993-04-20', 3500, 1011, '2018-01-01', '08:00:00', 1011),
       (444555661, 'Madalena', 'Caetano', 'madalena.caetano@example.com', 931234560, 987654323, 'Rua do Sol, 10', '1983-05-13', 3000, 1012, '2018-01-01', '09:00:00', 1002),
       (444555662, 'Isa', 'Rodrigues', 'isa.rodrigues@example.com', 931234561, 987654324, 'Rua de África, 4', '1989-06-14', 2000, 1013, '2019-02-01', '08:00:00', 1002),
       (444555663, 'Diana', 'Ferreira', 'diana.ferreira@example.com', 931234562, 987654325, 'Rua de África, 7', '1992-07-15', 2800, 1014, '2018-06-01', NULL, 1002),
       (444555664, 'Alexandra', 'Pimentel', 'alexandra.pimentel@example.com', 931234563, 987654326, 'Quinta do Monte, 7', '1993-08-16', 3000, 1015, '2018-01-01', NULL, 1002),
       (444555665, 'Fernando', 'Couto', 'fernando.couto@example.com', 931234769, 987654327, 'Rua da Azeitona, 4', '1995-09-17', 2000, 1016, '2019-06-05', '05:30:00', 1002),
       (444555666, 'Alexandre', 'Rei', 'alexandre.rei@example.com', 931234558, 987654328, 'Rua Principal, 7', '1998-10-18', 1950, 1017, '2020-07-07', '06:30:00', 1002),
       (444555667, 'Rodrigo', 'Guedes', 'rodrigo.guedes@example.com', 931244568, 987654329, 'Rua do Pinheiro Grande, 5', '1999-11-19', 1800, 1018, '2021-10-15', '07:00:00', 1002);


INSERT INTO Ginasio.Gerente (Num_func)
VALUES (1002),
      (1011);

INSERT INTO Ginasio.Rececionista (Num_func)
VALUES (1005),
       (1006),
       (1007),
       (1008),
       (1009),
       (1010);

INSERT INTO Ginasio.Professor (Num_func)
VALUES (1001),
       (1003),
       (1004),
       (1012),
       (1013),
       (1014),
       (1015),
       (1016),
       (1017),
       (1018);

INSERT INTO Ginasio.Certificacoes_Prof (Num_func, Certificacoes)
VALUES (1004, 'Personal Trainer'),
       (1001, 'Treino Funcional'),
       (1003, 'Pilates'),  
       (1004, 'Musculação Avançada'),
       (1001, 'CrossFit'),
       (1003, 'Yoga'),
       (1004, 'Boxe'),
       (1012, 'Personal Trainer'),
       (1013, 'Treino Funcional'),
       (1014, 'Pilates'),  
       (1015, 'Musculação Avançada'),
       (1016, 'CrossFit'),
       (1017, 'Yoga'),
       (1018, 'Boxe');

INSERT INTO Ginasio.Plano_Adesao (Tipo, CC_Cliente, Preco, Data_fim, Data_inicio, Num_Rec)
VALUES ('Semestral', 123456789, 180.00, '2024-01-01', '2023-07-01', 1005),
       ('Mensal', 987654321, 30.00, '2023-02-01', '2023-01-01', 1005),
       ('Anual', 456789123, 360, '2024-01-01', '2023-01-01', 1006),
       ('Semestral', 789123456, 180, '2023-07-01', '2023-01-01', 1007),
       ('Semestral', 654321987, 180, '2023-07-01', '2023-01-01', 1007),
       ('Anual', 321987654, 360, '2024-01-01', '2023-01-01', 1008),
       ('Mensal', 234567891, 30, '2023-02-01', '2023-01-01', 1009),
       ('Anual', 678912345, 360, '2024-01-01', '2023-01-01', 1010),
       ('Mensal', 345678912, 30, '2023-02-01', '2023-01-01', 1010),
       ('Anual', 890123456, 360, '2024-01-01', '2023-01-01', 1009),
       ('Mensal', 234567890, 30, '2023-02-01', '2023-01-01', 1009),
       ('Anual', 345678901, 360, '2024-01-01', '2023-01-01', 1009),
       ('Semestral', 456789012, 180, '2023-07-01', '2023-01-01', 1009),
       ('Semestral', 567890123, 180, '2023-07-01', '2023-01-01', 1009),
       ('Anual', 678901234, 360, '2024-01-01', '2023-01-01', 1009),
       ('Mensal', 789012345, 30, '2023-02-01', '2023-01-01', 1009),
       ('Anual', 890123459, 360, '2024-01-01', '2023-01-01', 1009),
       ('Mensal', 901234567, 30, '2023-02-01', '2023-01-01', 1009),
       ('Anual', 876543210, 360, '2024-01-01', '2023-01-01', 1009),
       ('Anual', 765432109, 360, '2024-05-11', '2023-05-11', 1008),
       ('Mensal', 223456789, 30, '2023-08-15', '2023-07-15', 1005),
       ('Anual', 223456789, 360, '2024-01-01', '2023-01-01', 1005),
       ('Mensal', 287654321, 30, '2023-02-01', '2023-01-01', 1005),
       ('Anual', 256789123, 360, '2024-01-01', '2023-01-01', 1005),
       ('Semestral', 289123456, 180, '2023-07-01', '2023-01-01', 1005),
      ('Anual', 254321987, 360, '2024-01-01', '2023-01-01', 1006),
      ('Semestral', 221987654, 180, '2023-07-01', '2023-01-01', 1006),
      ('Semestral', 224567891, 180, '2023-07-01', '2023-01-01', 1006),
      ('Anual', 278912345, 360, '2024-01-01', '2023-01-01', 1007),
      ('Semestral', 245678912, 180, '2023-07-01', '2023-01-01', 1007),
      ('Anual', 290123456, 360, '2024-01-01', '2023-01-01', 1008),
      ('Mensal', 133456789, 30, '2023-02-01', '2023-01-01', 1008),
      ('Anual', 937654321, 360, '2024-01-01', '2023-01-01', 1008),
      ('Mensal', 436789123, 30, '2023-02-01', '2023-01-01', 1008),
      ('Anual', 739123456, 360, '2024-01-01', '2023-01-01', 1008),
      ('Semestral', 634321987, 180, '2023-07-01', '2023-01-01', 1008),
      ('Semestral', 331987654, 180, '2023-07-01', '2023-01-01', 1008),
      ('Mensal', 233567891, 30, '2023-02-01', '2023-01-01', 1009),
      ('Anual', 638912345, 360, '2024-01-01', '2023-01-01', 1009),
      ('Anual', 335678912, 360, '2024-01-01', '2023-01-01', 1009),
      ('Anual', 830123456, 360, '2024-01-01', '2023-01-01', 1009),
      ('Mensal', 143456789, 30, '2023-02-01', '2023-01-01', 1009),
      ('Anual', 947654321, 360, '2024-01-01', '2023-01-01', 1009),
      ('Mensal', 446789123, 30, '2023-02-01', '2023-01-01', 1009),
      ('Anual', 749123456, 360, '2024-01-01', '2023-01-01', 1009),
      ('Semestral', 644321987, 180, '2023-07-01', '2023-01-01', 1009),
      ('Semestral', 341987654, 180, '2023-07-01', '2023-01-01', 1009),
      ('Anual', 244567891, 360, '2024-01-01', '2023-01-01', 1009),
      ('Mensal', 648912345, 30, '2023-02-01', '2023-01-01', 1009),
      ('Anual', 344678912, 360, '2024-01-01', '2023-01-01', 1009),
      ('Mensal', 840123456, 30, '2023-02-01', '2023-01-01', 1009);
         

INSERT INTO Ginasio.Pagamento (ID, Valor, Metodo, Estado, Data_venc, Data_canc, CC_Cliente, Num_Rec, Data_Pagamento)
VALUES
    (1, 180.00, 'Cartão de Crédito', 'Pendente', '2024-01-01', NULL, 123456789, 1005, NULL),
    (2, 30.00, 'Dinheiro', 'Pago', '2023-02-01', NULL, 987654321, 1005, '2023-01-01'),
    (3, 360.00, 'Transferência Bancária', 'Pendente', '2024-01-01', NULL, 456789123, 1006, NULL),
    (4, 180.00, 'Cartão de Crédito', 'Pendente', '2023-07-01', NULL, 789123456, 1007, NULL),
    (5, 180.00, 'Cartão de Crédito', 'Pendente', '2023-07-01', NULL, 654321987, 1007, NULL),
    (6, 360.00, 'Transferência Bancária', 'Pendente', '2024-01-01', NULL, 321987654, 1008, NULL),
    (7, 30.00, 'Dinheiro', 'Pago', '2023-02-01', NULL, 234567891, 1009, '2023-01-01'),
    (8, 360.00, 'Transferência Bancária', 'Cancelado', '2024-01-01', '2023-05-01', 678912345, 1010, NULL),
    (9, 30.00, 'Dinheiro', 'Pago', '2023-02-01', NULL, 345678912, 1010, '2023-01-01'),
    (10, 360.00, 'Transferência Bancária', 'Pendente', '2024-01-01', NULL, 890123456, 1009, NULL),
    (11, 30.00, 'Dinheiro', 'Pago', '2023-02-01', NULL, 234567890, 1009, '2023-01-01'),
    (12, 360.00, 'Transferência Bancária', 'Pendente', '2024-01-01', NULL, 345678901, 1009, NULL),
    (13, 180.00, 'Cartão de Crédito', 'Pendente', '2023-07-01', NULL, 456789012, 1009, NULL),
    (14, 180.00, 'Cartão de Crédito', 'Pendente', '2023-07-01', NULL, 567890123, 1009, NULL),
    (15, 360.00, 'Transferência Bancária', 'Pendente', '2024-01-01', NULL, 678901234, 1009, NULL),
    (16, 30.00, 'Dinheiro', 'Pago', '2023-02-01', NULL, 789012345, 1009, '2023-01-01'),
    (17, 360.00, 'Transferência Bancária', 'Pendente', '2024-01-01', NULL, 890123459, 1009, NULL),
    (18, 30.00, 'Dinheiro', 'Pago', '2023-02-01', NULL, 901234567, 1009, '2023-01-01'),
    (19, 360.00, 'Transferência Bancária', 'Pendente', '2024-01-01', NULL, 876543210, 1009, NULL),
    (20, 360.00, 'Transferência Bancária', 'Pendente', '2024-05-11', NULL, 765432109, 1008, NULL),
    (21, 30.00, 'Dinheiro', 'Pago', '2023-08-15', NULL, 223456789, 1005, '2023-01-01'),
    (22, 360.00, 'Transferência Bancária', 'Pendente', '2024-01-01', NULL, 223456789, 1005, NULL),
    (23, 30.00, 'Dinheiro', 'Pago', '2023-02-01', NULL, 287654321, 1005, '2023-01-01'),
    (24, 360.00, 'Transferência Bancária', 'Pendente', '2024-01-01', NULL, 256789123, 1005, NULL),
    (25, 180.00, 'Cartão de Crédito', 'Cancelado', '2023-07-01', '2023-01-15', 289123456, 1005, NULL),
    (26, 360.00, 'Transferência Bancária', 'Pendente', '2024-01-01', NULL, 254321987, 1006, NULL),
    (27, 180.00, 'Cartão de Crédito', 'Pendente', '2023-07-01', NULL, 221987654, 1006, NULL),
    (28, 180.00, 'Cartão de Crédito', 'Pendente', '2023-07-01', NULL, 224567891, 1006, NULL),
    (29, 360.00, 'Transferência Bancária', 'Pendente', '2024-01-01', NULL, 278912345, 1007, NULL),
    (30, 180.00, 'Cartão de Crédito', 'Pendente', '2023-07-01', NULL, 245678912, 1007, NULL),
    (31, 360.00, 'Transferência Bancária', 'Pendente', '2024-01-01', NULL, 290123456, 1008, NULL),
    (32, 30.00, 'Dinheiro', 'Pago', '2023-02-01', NULL, 133456789, 1008, '2023-01-01'),
    (33, 360.00, 'Transferência Bancária', 'Pendente', '2024-01-01', NULL, 937654321, 1008, NULL),
    (34, 30.00, 'Dinheiro', 'Pago', '2023-02-01', NULL, 436789123, 1008, '2023-01-01'),
    (35, 360.00, 'Transferência Bancária', 'Pendente', '2024-01-01', NULL, 739123456, 1008, NULL),
    (36, 180.00, 'Cartão de Crédito', 'Pendente', '2023-07-01', NULL, 634321987, 1008, NULL),
    (37, 180.00, 'Cartão de Crédito', 'Pendente', '2023-07-01', NULL, 331987654, 1008, NULL),
    (38, 30.00, 'Dinheiro', 'Pago', '2023-02-01', NULL, 233567891, 1009, '2023-01-01'),
    (39, 360.00, 'Transferência Bancária', 'Pendente', '2024-01-01', NULL, 638912345, 1009, NULL),
    (40, 360.00, 'Transferência Bancária', 'Pendente', '2024-01-01', NULL, 335678912, 1009, NULL),
    (41, 360.00, 'Transferência Bancária', 'Pendente', '2024-01-01', NULL, 830123456, 1009, NULL),
    (42, 30.00, 'Dinheiro', 'Pago', '2023-02-01', NULL, 143456789, 1009, '2023-01-01'),
    (43, 360.00, 'Transferência Bancária', 'Pendente', '2024-01-01', NULL, 947654321, 1009, NULL),
    (44, 30.00, 'Dinheiro', 'Pago', '2023-02-01', NULL, 446789123, 1009, '2023-01-01'),
    (45, 360.00, 'Transferência Bancária', 'Pendente', '2024-01-01', NULL, 749123456, 1009, NULL),
    (46, 180.00, 'Cartão de Crédito', 'Pendente', '2023-07-01', NULL, 644321987, 1009, NULL),
    (47, 180.00, 'Cartão de Crédito', 'Pendente', '2023-07-01', NULL, 341987654, 1009, NULL),
    (48, 360.00, 'Transferência Bancária', 'Pendente', '2024-01-01', NULL, 244567891, 1009, NULL),
    (49, 30.00, 'Dinheiro', 'Pago', '2023-02-01', NULL, 648912345, 1009, '2023-01-01'),
    (50, 360.00, 'Transferência Bancária', 'Pendente', '2024-01-01', NULL, 344678912, 1009, NULL),
    (51, 30.00, 'Dinheiro', 'Pago', '2023-02-01', NULL, 840123456, 1009, '2023-01-01');

INSERT INTO Ginasio.Feedback (CC_Cliente, ID_Professor, Comentários, [Data])
VALUES (123456789, 1004, 'Excelente professor! Sempre motivado e dedicado às aulas.', '2023-04-15'),
       (987654321, 1001, 'Ótimo profissional! Explicações claras e atencioso com os alunos.', '2023-05-02'),
       (456789123, 1003, 'Adorei treinar com esta professora! Muito simpática e motivadora.', '2023-03-25'),
       (321987654, 2004, 'O professor é muito competente e sempre traz novidades para as aulas.', '2023-04-10'),
       (890123456, 2005, 'Excelente professor! Ele me ajudou a atingir meus objetivos de forma eficiente.', '2023-05-05');

INSERT INTO Ginasio.Aula (ID, Sala_ID, Num_Insc, ID_Professor)
VALUES (1, 101, 20, 1004),
       (2, 102, 15, 1001),
       (3, 103, 10, 1003),
       (4, 101, 18, 1004),
       (5, 102, 12, 1001);